Category:,Chassis,,,,,
Name,Manufacturer,Wheel,Bearing,Seal,Replacer,Image
M-62 type,IMZ,M-72M type (4),778707 (Steering head - 2),75008159 (Steering head - 2),-,-
M-63 type,IMZ,M-72M type (4),778707 (Steering head - 2),75008159 (Steering head - 2),-,https://drive.google.com/open?id=1gdEG9dKDjpoV2acMrFew8MdnFHVa9n8m
M-66 type,IMZ,M-72M type (4),778707 (Steering head - 2),75008159 (Steering head - 2),-,https://drive.google.com/open?id=19Ntc0tjerVLju8_qVyoeI__b9_5f4KoV
M-67 type,IMZ,M-72M type (4),778707 (Steering head - 2),75008159 (Steering head - 2),-,https://drive.google.com/open?id=10ZoqSAQy0xfE2zvAtsPP-ErGYDPO6yLJ
M-72 type,IMZ,M-72 type (4),778707 (Steering head - 2),-,-,https://drive.google.com/open?id=15RYa5tIEFbXaKgu4mejuRUqnms0jIOMF
M-72M type,IMZ,M-72M type (4),778707 (Steering head - 2),-,-,https://drive.google.com/open?id=1MD8mPu_cBJAc1WbGKA3VwDoy3nYKS6sM
K-750 type,KMZ,M-72N type (4),778707 (Steering head - 2);  Roller 2.5x10 120 pcs kit (Front fork levers - 1),"5308156 (Steering head, upper - 1); 5308159 (Steering head, lower - 1)",-,https://drive.google.com/open?id=1qroZsl9gdQ72ns0Ujxp1sVr8D2XguCjz
K-750M type,KMZ,K-750M type (4),778707 (Steering head - 2),"5308156 (Steering head, upper - 1); 5308159 (Steering head, lower - 1)",-,https://drive.google.com/open?id=1TE7a5p6lyKuy8JvFVKmYVADcBo55i4ub
M-72N type,KMZ,M-72N type (4),778707 (Steering head - 2);  Roller 2.5x10 120 pcs kit (Front fork levers - 1),-,-,https://drive.google.com/open?id=1XQ29XdptZOx7YQow-5ue8rRmQs3nZQjz
MT-10-36 type,KMZ,K-750M type (4),778707 (Steering head - 2),75008159 (Steering head - 2),-,-
MV-650 type,KMZ,K-750M type (4),778707 (Steering head - 2),75008159 (Steering head - 2),-,-
MV-750 type,KMZ,K-750M type (4),778707 (Steering head - 2),"5308156 (Steering head, upper - 1); 5308159 (Steering head, lower - 1)",-,https://drive.google.com/open?id=18So6N4xXw06g00iMvPz98wGrq7FtNDCV
MV-750M type,KMZ,K-750M type (4),778707 (Steering head - 2),"5308156 (Steering head, upper - 1); 5308159 (Steering head, lower - 1)",-,-